-- phpMyAdmin SQL Dump
-- version 4.7.4
-- https://www.phpmyadmin.net/
--
-- Host: 127.0.0.1
-- Czas generowania: 13 Lis 2017, 10:09
-- Wersja serwera: 10.1.28-MariaDB
-- Wersja PHP: 7.1.10

SET SQL_MODE = "NO_AUTO_VALUE_ON_ZERO";
SET AUTOCOMMIT = 0;
START TRANSACTION;
SET time_zone = "+00:00";


/*!40101 SET @OLD_CHARACTER_SET_CLIENT=@@CHARACTER_SET_CLIENT */;
/*!40101 SET @OLD_CHARACTER_SET_RESULTS=@@CHARACTER_SET_RESULTS */;
/*!40101 SET @OLD_COLLATION_CONNECTION=@@COLLATION_CONNECTION */;
/*!40101 SET NAMES utf8mb4 */;

--
-- Baza danych: `baza`
--

-- --------------------------------------------------------

--
-- Struktura tabeli dla tabeli `dania`
--

CREATE TABLE `dania` (
  `id` int(10) UNSIGNED NOT NULL,
  `typ` int(10) UNSIGNED DEFAULT NULL,
  `nazwa` text,
  `cena` int(10) UNSIGNED DEFAULT NULL
) ENGINE=InnoDB DEFAULT CHARSET=latin1;

--
-- Zrzut danych tabeli `dania`
--

INSERT INTO `dania` (`id`, `typ`, `nazwa`, `cena`) VALUES
(1, 1, 'Gazpacho', 20),
(2, 1, 'Krem z warzyw', 25),
(3, 1, 'Gulaszowa ostra', 30),
(4, 2, 'Kaczka i owoc', 30),
(5, 2, 'Kurczak pieczony', 40),
(6, 2, 'wieprzowy przysmak', 35),
(7, 2, 'Mintaj w panierce', 30),
(8, 2, 'Alle kotlet', 30),
(9, 3, 'Owoce morza', 20),
(10, 3, 'Grzybki, warzywka, sos', 15),
(11, 3, 'Orzechy i chipsy', 10),
(12, 3, 'Tatar i jajo', 15),
(13, 3, 'Bukiet warzyw', 10),
(14, 4, 'Sok porzeczkowy', 3),
(15, 4, 'Cola', 3),
(16, 4, 'Woda', 2);

-- --------------------------------------------------------

--
-- Struktura tabeli dla tabeli `gromady`
--

CREATE TABLE `gromady` (
  `id` int(10) UNSIGNED NOT NULL,
  `nazwa` text,
  `opis` text NOT NULL
) ENGINE=InnoDB DEFAULT CHARSET=latin1;

--
-- Zrzut danych tabeli `gromady`
--

INSERT INTO `gromady` (`id`, `nazwa`, `opis`) VALUES
(1, 'ryby', ''),
(2, 'plazy', ''),
(3, 'gady', ''),
(4, 'ptaki', ''),
(5, 'ssaki', '');

-- --------------------------------------------------------

--
-- Struktura tabeli dla tabeli `odzywianie`
--

CREATE TABLE `odzywianie` (
  `id` int(10) UNSIGNED NOT NULL,
  `rodzaj` text,
  `informacja` text NOT NULL
) ENGINE=InnoDB DEFAULT CHARSET=latin1;

--
-- Zrzut danych tabeli `odzywianie`
--

INSERT INTO `odzywianie` (`id`, `rodzaj`, `informacja`) VALUES
(1, 'drapieznik', ''),
(2, 'roslinozerny', ''),
(3, 'padlinozerny', ''),
(4, 'wszystkozerny', '');


-- --------------------------------------------------------

--
-- Struktura tabeli dla tabeli `ogloszenie`
--

CREATE TABLE `ogloszenie` (
  `id` int(10) UNSIGNED NOT NULL,
  `uzytkownik_id` int(10) UNSIGNED NOT NULL,
  `kategoria` int(10) UNSIGNED DEFAULT NULL,
  `podkategoria` int(10) UNSIGNED DEFAULT NULL,
  `tytul` text,
  `tresc` text
) ENGINE=InnoDB DEFAULT CHARSET=latin1;

--
-- Zrzut danych tabeli `ogloszenie`
--

INSERT INTO `ogloszenie` (`id`, `uzytkownik_id`, `kategoria`, `podkategoria`, `tytul`, `tresc`) VALUES
(1, 1, 1, 12, 'Daniel Craig. Biografia', 'Biografia Daniela Craiga, niedrogo sprzedam'),
(2, 1, 1, 13, 'Selekcja', 'Sprzedam: \"Selekcja\" J. Kellermana, niezniszczona'),
(3, 2, 1, 13, 'Buick', 'Sprzedam horror Stephena Kinga w dobrym stanie'),
(4, 2, 1, 14, 'Tytus, Romek i Atomek', 'Ks. IV do sprzedania, stan dobry'),
(5, 2, 2, 0, 'Imagine Dragons', 'Sprzedam dwa CD Imagine Dragons');

-- --------------------------------------------------------

--
-- Struktura tabeli dla tabeli `podzespoly`
--

CREATE TABLE `podzespoly` (
  `id` int(10) UNSIGNED NOT NULL,
  `typy_id` int(10) UNSIGNED NOT NULL,
  `producenci_id` int(10) UNSIGNED NOT NULL,
  `nazwa` text,
  `opis` text,
  `dostepnosc` tinyint(1) DEFAULT NULL,
  `cena` float NOT NULL
) ENGINE=InnoDB DEFAULT CHARSET=latin1;

--
-- Zrzut danych tabeli `podzespoly`
--

INSERT INTO `podzespoly` (`id`, `typy_id`, `producenci_id`, `nazwa`, `opis`, `dostepnosc`, `cena`) VALUES
(1, 1, 1, 'Core i5-7640X', 'Procesor Intel Core i5-7640X 4,2 GHz LGA 2066 Box', 1, 1000),
(2, 1, 1, 'Core i3-6300', 'Procesor Intel Core i3-6300 3,8 GHz 4MB cache s. 1151 Box', 1, 575),
(3, 1, 1, 'Core i7-6700K', 'Procesor Intel Core i7-6700K 4,0 GHz 8MB cache s. 1151 Box', 0, 1400),
(4, 1, 2, 'X6 FX-6350', 'Procesor AMD X6 FX-6350 s.AM3+ BOX', 1, 380),
(5, 2, 7, 'Savage', 'RAM HyperX 16GB (2x8GB) DDR3-1866 Dual Chanel Kit Non-ECC CL9 XMP Savage Series HX318C9SRK2/16', 1, 535),
(6, 2, 7, 'Savage', 'HyperX 4GB DDR3-1600 Non-ECC CL9 XMP Savage Series HX316C9SR/4', 0, 150),
(7, 2, 8, 'Signature', 'RAM Patriot Signature DDR3 8GB (2x4GB) 1600 CL9 PSD38G1600KH', 0, 250),
(8, 5, 9, 'GTX 1060', 'Karta graficzna Asus DUAL NVIDIA GeForce GTX 1060 3072MB GDDR5 192b PCI-E x16 v. 3.0 (1594MHz/8008MHz) OC Edition', 1, 1189),
(9, 5, 9, 'GeForce 210', 'Karta graficzna ASUS GeForce 210 1024MB 64bit PCI-E', 0, 145),
(10, 6, 6, 'WD Black', 'Dysk WD Black WD1003FZEX 1TB sATA III 64MB', 0, 315),
(11, 6, 6, 'WD Blue', 'Dysk WD Blue WD10EZEX 1TB sATA III 64MB', 1, 195),
(12, 6, 5, 'AHD650-1TU3-CBK', 'Dysk USB ADATA AHD650-1TU3-CBK 1TB 2.5\' HD650 USB 3.0 Czarny', 1, 210);

-- --------------------------------------------------------

--
-- Struktura tabeli dla tabeli `pracownicy`
--

CREATE TABLE `pracownicy` (
  `id` int(10) UNSIGNED NOT NULL,
  `imie` text,
  `nazwisko` text,
  `stanowisko` int(11) NOT NULL
) ENGINE=InnoDB DEFAULT CHARSET=latin1;

--
-- Zrzut danych tabeli `pracownicy`
--

INSERT INTO `pracownicy` (`id`, `imie`, `nazwisko`, `stanowisko`) VALUES
(1, 'Anna', 'Kowalska', 1),
(2, 'Monika', 'Nowak', 2),
(3, 'Ewelina', 'Nowakowska', 2),
(4, 'Anna', 'Przybylska', 3),
(5, 'Maria', 'Kowal', 3),
(6, 'Ewa', 'Nowacka', 4);

-- --------------------------------------------------------

--
-- Struktura tabeli dla tabeli `typy`
--

CREATE TABLE `typy` (
  `id` int(10) UNSIGNED NOT NULL,
  `kategoria` text,
  `opis` text
) ENGINE=InnoDB DEFAULT CHARSET=latin1;

--
-- Zrzut danych tabeli `typy`
--

INSERT INTO `typy` (`id`, `kategoria`, `opis`) VALUES
(1, 'Procesor', NULL),
(2, 'RAM', NULL),
(5, 'karta graficzna', NULL),
(6, 'HDD', NULL);

-- --------------------------------------------------------

--
-- Struktura tabeli dla tabeli `uczniowie`
--

CREATE TABLE `uczniowie` (
  `imie` text,
  `nazwisko` text,
  `wiek` int(11) DEFAULT NULL
) ENGINE=InnoDB DEFAULT CHARSET=latin1;

--
-- Zrzut danych tabeli `uczniowie`
--

INSERT INTO `uczniowie` (`imie`, `nazwisko`, `wiek`) VALUES
('Kamil', 'Ryba', 11),
('Karolina', 'Witecka', 8),
('Karol', 'Rybacki', 9),
('Marina', 'Damiencka', 9);

-- --------------------------------------------------------

--
-- Struktura tabeli dla tabeli `uzytkownik`
--

CREATE TABLE `uzytkownik` (
  `id` int(10) UNSIGNED NOT NULL,
  `imie` text,
  `nazwisko` text,
  `telefon` text,
  `email` text
) ENGINE=InnoDB DEFAULT CHARSET=latin1;

--
-- Zrzut danych tabeli `uzytkownik`
--

INSERT INTO `uzytkownik` (`id`, `imie`, `nazwisko`, `telefon`, `email`) VALUES
(1, 'Anna', 'Kowalska', '601601601', 'anna@poczta.pl'),
(2, 'Jan', 'Nowak', '608608608', 'jan@poczta.pl'),
(3, 'Jolanta', 'Jasny', '606606606', 'jolanta@poczta.pl'),
(4, 'qqq', 'www', '345', 'dsfsdklfs@daskl');

-- --------------------------------------------------------

--
-- Struktura tabeli dla tabeli `wyniki`
--

CREATE TABLE `wyniki` (
  `id` int(10) UNSIGNED NOT NULL,
  `dyscyplina_id` int(10) UNSIGNED NOT NULL,
  `sportowiec_id` int(10) UNSIGNED NOT NULL,
  `wynik` decimal(5,2) DEFAULT NULL,
  `dataUstanowienia` date DEFAULT NULL
) ENGINE=InnoDB DEFAULT CHARSET=latin1;

--
-- Zrzut danych tabeli `wyniki`
--

INSERT INTO `wyniki` (`id`, `dyscyplina_id`, `sportowiec_id`, `wynik`, `dataUstanowienia`) VALUES
(1, 1, 1, '12.40', '2015-10-14'),
(2, 1, 1, '12.00', '2015-10-06'),
(3, 1, 2, '11.80', '2015-10-14'),
(4, 1, 2, '11.90', '2015-10-06'),
(5, 1, 3, '11.50', '2015-10-14'),
(6, 1, 3, '11.56', '2015-10-06'),
(7, 1, 4, '11.70', '2015-10-14'),
(8, 1, 4, '11.67', '2015-10-06'),
(9, 1, 5, '11.30', '2015-10-14'),
(10, 1, 5, '11.52', '2015-10-06'),
(11, 1, 6, '12.10', '2015-10-14'),
(12, 1, 6, '12.00', '2015-10-06'),
(13, 3, 1, '63.00', '2015-11-11'),
(14, 3, 1, '63.60', '2015-10-13'),
(15, 3, 2, '64.00', '2015-11-11'),
(16, 3, 2, '63.60', '2015-10-13'),
(17, 3, 3, '60.00', '2015-11-11'),
(18, 3, 3, '61.60', '2015-10-13'),
(19, 3, 4, '63.50', '2015-11-11'),
(20, 3, 4, '63.60', '2015-10-13'),
(21, 3, 5, '70.00', '2015-10-07'),
(22, 3, 6, '68.00', '2015-10-07');

-- --------------------------------------------------------

--
-- Struktura tabeli dla tabeli `zamowienia`
--

CREATE TABLE `zamowienia` (
  `id` int(10) UNSIGNED NOT NULL,
  `Samochody_id` int(10) UNSIGNED NOT NULL,
  `Klient` text,
  `telefon` text,
  `dataZam` date DEFAULT NULL
) ENGINE=InnoDB DEFAULT CHARSET=latin1;

--
-- Zrzut danych tabeli `zamowienia`
--

INSERT INTO `zamowienia` (`id`, `Samochody_id`, `Klient`, `telefon`, `dataZam`) VALUES
(1, 3, 'Anna Kowalska', '111222333', '2016-02-15'),
(2, 6, 'Jan Nowakowski', '222111333', '2016-02-15'),
(3, 8, 'Marcin Kolwal', '333111222', '2016-02-15');

-- --------------------------------------------------------

--
-- Struktura tabeli dla tabeli `zwierzeta`
--

CREATE TABLE `zwierzeta` (
  `id` int(10) UNSIGNED NOT NULL,
  `Gromady_id` int(10) UNSIGNED NOT NULL,
  `Odzywianie_id` int(10) UNSIGNED NOT NULL,
  `gatunek` text,
  `wystepowanie` text,
  `czy_zagrozony` tinyint(1) DEFAULT NULL,
  `obraz` text NOT NULL
) ENGINE=InnoDB DEFAULT CHARSET=latin1;

--
-- Zrzut danych tabeli `zwierzeta`
--

INSERT INTO `zwierzeta` (`id`, `Gromady_id`, `Odzywianie_id`, `gatunek`, `wystepowanie`, `czy_zagrozony`, `obraz`) VALUES
(1, 1, 1, 'Sum pospolity', 'Eurazja', 0, 'sum.jpg'),
(2, 1, 1, 'Jesiotr zachodni', 'Europa', 1, 'jesiotr.jpg'),
(3, 4, 4, 'Wrona siwa', 'Europa', 0, 'wrona.jpg'),
(4, 4, 1, 'Puszczyk zwyczajny', 'Eurazja', 0, 'puszczyk.jpg'),
(5, 4, 4, 'Sroka zwyczajna', 'Eurazja', 0, 'sroka.jpg'),
(6, 5, 1, 'Wilk szary', 'Europa, Ameryka', 0, 'wilk.jpg'),
(7, 5, 3, 'Hiena brunatna', 'Afryka', 0, 'hiena.jpg'),
(8, 5, 2, 'Sarna europejska', 'Europa', 0, 'sarna.jpg'),
(9, 5, 1, 'Dingo australijski', 'Australia', 1, 'dingo.jpg');

--
-- Indeksy dla zrzutów tabel
--

--
-- Indexes for table `dania`
--
ALTER TABLE `dania`
  ADD PRIMARY KEY (`id`);

--
-- Indexes for table `gromady`
--
ALTER TABLE `gromady`
  ADD PRIMARY KEY (`id`);

--
-- Indexes for table `odzywianie`
--
ALTER TABLE `odzywianie`
  ADD PRIMARY KEY (`id`);

--
-- Indexes for table `ogloszenie`
--
ALTER TABLE `ogloszenie`
  ADD PRIMARY KEY (`id`);

--
-- Indexes for table `podzespoly`
--
ALTER TABLE `podzespoly`
  ADD PRIMARY KEY (`id`);

--
-- Indexes for table `pracownicy`
--
ALTER TABLE `pracownicy`
  ADD PRIMARY KEY (`id`);

--
-- Indexes for table `typy`
--
ALTER TABLE `typy`
  ADD PRIMARY KEY (`id`);

--
-- Indexes for table `uzytkownik`
--
ALTER TABLE `uzytkownik`
  ADD PRIMARY KEY (`id`);

--
-- Indexes for table `wyniki`
--
ALTER TABLE `wyniki`
  ADD PRIMARY KEY (`id`);

--
-- Indexes for table `zamowienia`
--
ALTER TABLE `zamowienia`
  ADD PRIMARY KEY (`id`);

--
-- Indexes for table `zwierzeta`
--
ALTER TABLE `zwierzeta`
  ADD PRIMARY KEY (`id`);

--
-- AUTO_INCREMENT for dumped tables
--

--
-- AUTO_INCREMENT dla tabeli `dania`
--
ALTER TABLE `dania`
  MODIFY `id` int(10) UNSIGNED NOT NULL AUTO_INCREMENT, AUTO_INCREMENT=17;

--
-- AUTO_INCREMENT dla tabeli `gromady`
--
ALTER TABLE `gromady`
  MODIFY `id` int(10) UNSIGNED NOT NULL AUTO_INCREMENT, AUTO_INCREMENT=6;

--
-- AUTO_INCREMENT dla tabeli `odzywianie`
--
ALTER TABLE `odzywianie`
  MODIFY `id` int(10) UNSIGNED NOT NULL AUTO_INCREMENT, AUTO_INCREMENT=4;

--
-- AUTO_INCREMENT dla tabeli `ogloszenie`
--
ALTER TABLE `ogloszenie`
  MODIFY `id` int(10) UNSIGNED NOT NULL AUTO_INCREMENT, AUTO_INCREMENT=6;

--
-- AUTO_INCREMENT dla tabeli `podzespoly`
--
ALTER TABLE `podzespoly`
  MODIFY `id` int(10) UNSIGNED NOT NULL AUTO_INCREMENT, AUTO_INCREMENT=13;

--
-- AUTO_INCREMENT dla tabeli `pracownicy`
--
ALTER TABLE `pracownicy`
  MODIFY `id` int(10) UNSIGNED NOT NULL AUTO_INCREMENT, AUTO_INCREMENT=7;

--
-- AUTO_INCREMENT dla tabeli `typy`
--
ALTER TABLE `typy`
  MODIFY `id` int(10) UNSIGNED NOT NULL AUTO_INCREMENT, AUTO_INCREMENT=7;

--
-- AUTO_INCREMENT dla tabeli `uzytkownik`
--
ALTER TABLE `uzytkownik`
  MODIFY `id` int(10) UNSIGNED NOT NULL AUTO_INCREMENT, AUTO_INCREMENT=5;

--
-- AUTO_INCREMENT dla tabeli `wyniki`
--
ALTER TABLE `wyniki`
  MODIFY `id` int(10) UNSIGNED NOT NULL AUTO_INCREMENT, AUTO_INCREMENT=23;

--
-- AUTO_INCREMENT dla tabeli `zamowienia`
--
ALTER TABLE `zamowienia`
  MODIFY `id` int(10) UNSIGNED NOT NULL AUTO_INCREMENT, AUTO_INCREMENT=4;

--
-- AUTO_INCREMENT dla tabeli `zwierzeta`
--
ALTER TABLE `zwierzeta`
  MODIFY `id` int(10) UNSIGNED NOT NULL AUTO_INCREMENT, AUTO_INCREMENT=10;
COMMIT;

/*!40101 SET CHARACTER_SET_CLIENT=@OLD_CHARACTER_SET_CLIENT */;
/*!40101 SET CHARACTER_SET_RESULTS=@OLD_CHARACTER_SET_RESULTS */;
/*!40101 SET COLLATION_CONNECTION=@OLD_COLLATION_CONNECTION */;
